tree,path,initially,query,numbered,another,queries,give,call,found,playing,4,interesting,calculate,help,consists,integer,(i,course,less,sub_size,time_limit,class
1,1,0,1,0,0,1,0,0,0,0,0,0,0,0,0,1,0,0,0,11,2,0
0,0,0,0,0,0,0,1,0,0,0,0,0,0,0,0,0,0,0,0,5,1,0
0,0,0,0,0,0,0,0,0,0,0,0,0,0,0,0,0,0,0,0,7,2,0
0,0,0,0,0,0,0,0,0,0,0,0,0,0,1,0,0,0,0,0,3,1,0
0,0,0,0,0,0,0,0,0,0,0,0,0,1,1,0,0,0,0,0,3,1,0
0,0,1,0,0,0,0,0,0,0,0,0,0,0,1,1,0,0,0,0,5,1,0
0,0,0,0,0,0,0,0,0,0,0,0,0,0,0,0,0,0,0,0,26,9,0
0,0,0,0,0,0,0,0,0,0,0,0,0,0,0,0,0,0,1,0,645,3,0
0,0,0,0,1,1,0,0,1,0,0,0,1,0,1,0,0,0,0,0,3,1,0
0,0,0,0,0,0,0,0,0,0,0,1,0,0,0,0,0,0,0,0,3,1,0
1,1,0,1,1,0,1,0,0,0,0,0,0,1,0,0,1,0,1,0,55,2,0
0,0,0,0,0,0,0,0,0,0,0,1,0,0,0,0,0,0,0,0,3,2,0
0,0,0,0,1,0,0,0,0,0,1,0,0,0,0,0,0,0,0,0,6,0,0
0,0,0,0,0,0,0,0,0,0,1,0,0,0,0,0,0,0,0,0,3,1,0
0,0,0,0,0,0,0,0,0,0,0,0,1,0,0,0,0,0,0,0,3,2,0
0,0,0,0,0,0,0,0,0,0,0,0,0,0,0,0,1,0,0,0,4,2,0
0,0,0,0,0,0,0,0,0,0,0,0,0,0,0,0,0,0,0,0,2,1,0
0,0,0,0,1,0,0,0,0,0,0,0,0,0,0,0,1,0,0,0,6,3,0
0,0,0,0,0,0,0,0,0,0,0,0,0,0,0,0,0,0,0,0,118,3,0
0,0,0,0,0,0,0,0,0,0,0,1,0,0,1,0,0,0,0,0,3,1,0
0,0,0,0,0,0,0,0,0,0,0,0,0,0,0,0,0,0,0,0,51,3,0
0,0,1,0,0,0,0,1,0,0,0,0,0,0,0,0,0,0,0,1,2,1,0
0,0,0,1,0,0,0,0,0,0,0,0,0,0,0,0,1,0,0,0,5,1,0
0,0,0,0,0,0,0,0,0,0,1,0,0,0,0,0,0,1,0,0,2,1,0
0,0,0,0,0,0,0,0,0,1,0,0,0,0,0,0,0,0,0,0,2,1,0
0,0,0,0,0,0,0,0,0,0,0,0,0,0,1,0,0,0,0,0,15,1,0
0,0,0,0,0,0,0,0,0,0,0,0,0,1,0,0,0,0,0,0,2,2,0
0,0,0,0,0,0,0,0,0,0,0,0,0,0,0,0,0,0,0,0,2,1,0
0,0,0,0,0,0,0,0,0,0,0,0,0,0,0,0,0,0,0,0,2,1,0
0,0,0,0,0,0,0,0,0,0,0,0,0,0,0,0,0,0,0,0,10,1,0
0,0,0,1,0,0,1,0,0,0,0,0,0,0,0,0,0,0,0,0,3,2,0
0,0,0,0,0,0,0,0,0,0,0,0,0,0,0,0,0,0,0,0,3,1,0
0,0,0,0,0,0,0,0,0,0,0,0,0,0,0,0,0,0,0,1,32,2,0
0,0,0,0,0,0,0,0,0,0,0,0,1,0,0,0,0,0,0,0,3,1,0
0,0,0,0,0,0,0,0,0,0,0,0,1,1,0,0,0,0,0,0,18,1,0
0,0,0,0,0,0,0,0,0,0,0,0,0,0,0,0,0,0,0,0,6,2,0
0,0,0,0,0,0,0,0,0,0,0,0,0,0,1,1,1,0,1,0,4,4,0
0,0,0,0,0,0,0,0,0,0,0,0,0,0,0,0,0,0,0,0,27,2,0
0,0,0,0,0,0,0,0,0,0,0,0,0,0,1,0,1,0,0,0,3,1,0
0,0,1,0,0,0,0,0,1,0,0,0,0,0,0,0,1,0,0,0,8,2,0
0,0,0,0,0,0,0,0,0,0,0,1,0,0,0,0,1,0,0,0,3,1,0
0,0,0,0,0,1,0,1,1,0,0,0,0,0,0,0,0,0,0,0,9,2,0
0,0,0,0,1,0,0,0,0,0,0,0,0,0,0,0,1,0,0,0,4,1,0
0,0,0,0,0,0,0,0,0,0,0,0,0,0,1,0,0,0,0,0,74,1,0
1,0,0,1,1,0,1,0,0,0,0,0,0,0,0,0,0,0,0,0,12,1,0
0,0,0,0,0,0,0,0,1,0,0,1,0,0,1,0,1,0,0,1,3,2,0
0,0,1,0,0,0,0,0,0,0,0,0,0,0,0,0,1,1,0,0,3,2,0
0,0,0,1,0,0,1,0,0,0,0,0,0,0,0,0,0,1,0,0,4,1,0
0,0,0,0,0,0,0,0,0,0,0,0,0,0,0,0,1,0,0,0,3,3,0
0,0,0,0,0,0,0,0,0,0,0,0,0,0,1,0,0,0,0,0,4,1,0
0,0,0,0,0,0,0,0,0,0,0,0,0,0,0,0,0,0,0,1,57,2,0
0,0,0,0,0,0,0,1,0,0,0,0,0,0,0,1,0,0,1,0,7,2,0
0,0,0,0,0,0,0,0,0,0,0,0,0,0,0,0,0,0,0,0,7,5,0
0,0,0,0,1,0,0,0,1,0,0,0,0,0,0,1,1,0,1,1,3,1,0
0,0,1,0,0,0,0,0,0,0,1,0,0,0,0,0,0,0,0,0,3,1,0
0,0,0,0,0,0,0,0,0,0,0,0,0,0,0,0,0,1,1,0,2,1,0
0,1,0,0,0,1,0,0,0,0,0,0,0,0,0,0,0,0,0,1,4,4,0
0,0,0,0,0,0,1,0,0,0,0,0,0,0,0,0,0,1,0,1,219,6,0
1,0,0,0,0,1,0,1,0,1,0,0,0,0,0,0,0,0,0,0,12,1,1
0,0,0,0,0,0,0,0,0,0,0,0,0,1,1,0,1,0,0,0,78,1,0
0,0,0,0,0,0,0,0,0,0,0,0,0,0,0,0,0,0,0,0,3,1,0
0,0,0,0,0,0,0,0,0,0,0,0,0,0,1,0,0,0,0,0,5,6,0
0,0,0,0,0,0,0,0,0,1,0,0,0,0,0,0,0,0,0,0,22,1,0
0,0,0,0,0,0,0,0,0,0,0,0,0,0,0,0,0,0,0,0,2,1,0
0,0,0,0,0,0,0,0,1,0,0,0,0,0,1,0,1,0,0,0,3,1,0
0,0,0,0,0,0,0,0,1,1,0,0,1,0,1,0,0,0,0,0,2,1,0
0,0,0,0,0,0,0,0,0,0,0,0,0,1,1,1,0,0,1,1,27,1,0
0,0,0,1,0,0,0,0,0,0,0,0,1,0,1,0,0,0,0,0,6,1,0
0,0,0,1,0,0,0,1,0,0,0,0,0,0,0,0,1,0,0,0,26,1,0
0,0,0,0,0,0,0,0,0,0,0,0,0,1,0,0,0,0,0,0,3,2,0
0,0,0,0,0,0,0,0,0,0,0,0,0,0,0,0,1,0,1,0,30,2,0
0,0,0,0,0,0,0,1,0,0,0,0,0,0,0,0,1,0,0,0,3,1,0
0,0,0,0,0,0,0,0,0,0,0,0,0,0,0,0,0,0,0,0,4,2,0
0,0,0,0,0,0,0,0,0,0,0,0,0,0,0,0,0,1,0,0,11,3,0
0,0,0,0,0,1,0,0,0,0,0,0,0,0,0,0,0,0,0,0,19,2,0
0,0,1,0,0,0,0,0,0,0,0,0,0,0,0,0,0,0,0,0,2,1,0
0,0,0,0,0,0,0,0,0,0,0,0,0,0,0,0,0,0,0,0,4,1,0
0,0,0,0,0,0,1,0,0,0,0,0,0,0,0,0,0,0,0,0,259,2,0
0,0,0,0,0,1,0,0,0,1,0,0,1,0,0,0,0,0,1,0,2,1,0
0,1,0,0,0,0,0,0,1,0,0,0,0,0,1,0,1,1,0,0,74,1,0
0,0,0,0,0,0,0,0,0,0,0,0,0,0,1,0,0,0,0,0,3,1,0
0,0,0,0,0,0,0,0,0,0,0,0,0,1,0,0,1,0,0,0,5,1,0
0,0,0,0,0,0,0,0,0,0,0,0,0,0,0,0,0,1,0,1,5,2,0
0,0,0,0,0,0,0,0,0,0,0,0,0,0,1,0,0,0,0,0,3,1,0
0,0,0,0,0,0,0,0,0,0,0,0,0,0,0,0,0,0,0,0,10,1,0
1,0,0,0,0,0,0,0,0,0,0,0,0,1,0,0,0,0,0,0,22,1,0
0,0,0,0,0,0,0,0,0,0,0,0,0,0,1,0,1,0,0,0,3,1,0
0,0,0,0,0,0,0,0,0,0,0,0,1,0,1,0,0,0,0,1,7,1,0
1,0,0,0,0,0,0,0,0,0,0,0,0,1,0,0,0,0,0,0,23,1,0
0,0,0,0,0,0,0,0,0,1,0,0,0,0,0,0,0,0,0,0,2,1,0
0,0,0,0,0,0,0,0,0,1,0,0,0,0,1,0,0,0,0,0,3,1,0
0,0,0,0,0,0,0,0,0,0,0,0,0,1,0,0,1,1,0,0,3,1,0
1,1,1,0,1,0,1,0,0,0,0,0,0,0,0,0,0,0,0,0,24,3,0
0,0,0,0,0,0,0,0,0,0,0,0,0,0,0,0,1,0,0,0,2,2,0
0,0,1,0,0,0,0,0,0,1,0,0,0,0,0,0,0,0,0,0,3,6,0
0,0,0,0,0,0,0,0,0,0,0,0,0,0,1,0,0,0,0,0,3,1,0
0,0,0,0,0,0,0,0,0,0,0,0,0,0,1,0,0,0,0,0,3,1,0
0,0,0,0,0,0,0,0,0,0,1,0,0,0,1,0,0,0,0,0,3,2,0
0,0,0,0,0,0,0,0,0,0,0,0,0,0,1,0,0,0,0,0,2,0,0
0,0,0,0,0,0,0,0,0,0,0,0,0,0,0,0,1,0,0,0,4,3,0
0,0,0,0,0,0,0,0,0,0,0,0,0,0,0,0,0,0,0,0,3,1,0
0,0,0,0,0,0,0,0,1,0,1,0,0,0,0,0,1,0,0,0,63,2,0
0,0,0,0,1,0,0,0,0,0,0,0,0,0,1,1,0,0,1,0,3,1,0
0,0,0,0,0,0,0,0,0,0,0,0,0,0,0,0,0,0,0,0,2,1,0
0,0,0,0,0,0,0,0,0,0,0,0,0,0,0,0,1,0,0,1,94,2,0
0,0,0,0,0,0,0,0,0,0,0,0,0,0,0,0,0,0,0,0,24,1,0
0,0,0,0,0,0,0,0,0,0,0,0,0,0,0,0,0,0,0,0,3,1,0
0,0,0,0,0,0,0,0,0,0,0,0,0,0,0,0,0,0,0,0,3,1,0
0,0,0,0,1,0,0,0,0,1,0,0,0,0,1,0,0,0,1,1,15,1,0
0,0,0,0,1,0,0,0,0,0,0,0,0,0,0,0,0,0,0,0,11,1,0
0,0,0,0,1,0,0,0,0,0,0,0,0,0,0,0,0,0,0,0,3,1,0
0,0,0,0,0,0,0,0,0,0,0,0,0,0,1,0,1,1,0,0,2,1,0
0,0,0,0,0,0,0,0,0,0,0,0,0,0,0,0,0,0,0,0,2,1,0
0,0,0,0,0,1,0,0,0,1,0,0,0,0,0,0,0,0,1,0,3,2,0
0,0,0,0,0,0,0,0,0,0,0,0,0,0,0,0,0,0,0,1,4,1,0
0,0,0,0,0,0,0,0,0,0,0,0,0,0,1,0,0,0,0,0,3,1,0
0,0,0,0,1,0,0,0,0,0,0,0,0,0,1,0,0,0,0,0,9,1,0
0,0,0,0,0,0,0,0,1,0,0,0,0,0,0,0,0,0,0,0,14,1,0
0,0,0,0,0,0,0,0,0,0,0,1,1,0,1,0,1,1,0,0,93,3,0
0,0,0,0,0,0,0,1,0,0,0,0,0,1,0,0,0,0,1,0,3,2,0
0,0,0,0,0,0,0,0,0,0,0,0,0,0,0,0,0,1,0,0,8,5,0
0,0,0,0,0,0,0,0,0,0,0,0,0,0,0,0,0,0,0,0,4,1,0
0,0,0,0,0,0,0,0,0,0,0,0,0,0,0,0,1,0,0,0,22,8,0
0,0,0,0,0,0,0,1,0,0,0,1,0,0,0,0,0,0,0,0,3,3,0
0,0,0,0,0,0,1,0,0,0,0,0,0,0,0,0,0,0,0,0,7,1,0
0,0,0,1,0,0,1,1,0,0,0,0,0,0,0,0,1,0,0,0,30,1,0
1,1,0,1,0,0,1,0,0,0,0,0,0,0,0,0,0,0,0,0,2,1,1
0,0,0,0,0,0,1,0,0,0,0,0,1,0,0,0,0,0,0,0,15,3,0
0,0,0,0,0,0,0,0,0,0,0,0,0,0,0,0,0,0,0,0,3,1,0
0,0,0,0,0,0,0,1,0,0,0,0,0,1,1,0,0,0,0,0,3,1,0
0,0,0,0,0,0,0,0,0,1,0,0,0,0,0,0,0,0,0,0,8,1,0
0,0,0,0,0,0,0,0,0,0,0,0,0,0,0,0,1,1,0,0,3,1,0
1,1,1,1,1,0,1,0,0,0,0,0,0,0,0,0,1,0,0,0,878,5,0
0,0,0,0,1,0,0,0,0,0,0,0,0,0,0,1,0,0,1,0,2,1,0
0,0,0,0,0,0,0,0,0,0,1,0,0,0,0,0,0,0,0,0,33,5,0
0,0,0,0,0,0,0,0,0,0,0,0,0,0,1,0,0,0,0,0,2,1,0
0,0,0,0,0,0,0,0,0,0,0,0,0,0,1,0,0,0,0,0,3,1,0
0,0,0,0,0,1,0,0,0,0,0,1,0,0,1,0,0,0,0,0,3,2,0
0,0,0,0,0,1,0,0,0,0,0,0,0,0,1,0,0,0,0,0,4,2,0
0,0,0,0,0,0,0,0,0,0,0,0,0,0,1,0,0,0,0,0,3,1,0
0,0,0,0,0,0,0,0,0,0,0,0,0,0,0,0,1,0,0,0,11,8,0
0,0,0,0,0,0,0,0,1,0,0,0,0,0,0,0,0,0,0,0,3,1,0
0,0,0,0,0,0,0,0,0,0,0,0,0,0,0,0,0,0,0,0,3,1,0
0,0,0,0,0,0,0,0,0,0,0,0,0,0,0,0,1,1,0,0,3,1,0
0,0,1,0,0,1,0,0,0,0,1,0,0,1,0,0,0,0,0,0,7,1,0
0,0,0,0,0,1,0,0,0,0,0,0,0,0,0,0,0,0,0,0,3,1,0
0,0,0,0,0,0,0,0,0,0,0,0,0,0,1,0,0,0,0,0,3,2,0
0,0,1,0,0,0,0,0,0,0,1,0,1,0,0,0,1,0,0,0,3,1,0
0,0,0,0,0,0,0,0,0,0,0,0,0,0,0,0,0,0,0,0,3,1,0
0,0,0,0,0,0,0,0,0,0,0,0,0,0,0,0,0,0,0,0,2,2,0
0,0,0,0,0,1,0,0,0,0,0,0,0,0,1,0,0,0,0,0,2,1,0
0,0,0,0,0,0,0,0,0,0,0,0,1,0,1,0,0,1,0,0,42,3,0
0,0,0,0,1,0,0,0,0,0,0,0,0,0,1,1,0,0,0,0,12,1,0
0,0,0,0,0,0,1,0,0,0,0,0,0,0,1,0,1,1,0,0,3,1,0
0,0,0,0,0,0,0,0,0,0,0,0,0,0,1,0,0,0,0,1,7,1,0
0,0,0,0,0,0,0,0,0,0,0,0,0,0,0,1,0,0,0,0,3,1,0
0,0,0,0,0,0,0,0,0,0,0,0,0,0,0,0,0,0,0,0,3,-,0
0,0,0,0,0,0,0,0,0,0,0,0,0,0,0,0,0,0,0,0,13,3,0
0,0,0,0,0,0,0,0,0,0,0,0,0,0,0,0,0,0,0,1,2,5,0
0,0,0,0,0,0,0,0,0,0,0,0,0,0,1,0,1,0,0,0,3,1,0
0,0,0,0,0,0,0,0,0,0,0,0,0,0,1,0,0,0,0,0,4,1,0
0,0,0,0,1,0,0,0,0,0,0,0,0,0,1,0,0,0,0,0,3,1,0
0,0,0,0,0,1,0,0,0,0,1,0,0,0,1,0,0,1,0,0,71,1,0
0,0,0,0,0,0,0,0,0,0,0,0,0,1,1,0,0,0,0,0,3,1,0
0,0,0,0,0,0,0,0,0,1,0,0,0,0,1,0,0,0,0,0,2,1,0
0,0,0,0,0,0,0,0,0,0,0,0,0,0,1,0,1,0,0,0,76,8,0
0,0,0,0,0,0,0,0,0,0,0,0,0,0,1,0,0,0,0,0,3,1,0
0,0,0,0,0,1,0,1,0,1,0,0,0,0,1,0,0,0,0,0,3,2,0
0,0,0,0,0,0,0,0,0,0,0,1,0,0,0,0,0,0,0,0,3,1,0
0,0,0,0,0,0,0,0,0,1,0,0,0,0,0,0,1,0,0,0,7,0,0
0,0,0,0,0,0,0,0,0,0,0,0,0,0,0,0,0,0,0,0,18,1,0
0,0,0,0,0,0,0,0,0,0,0,0,0,0,0,0,0,0,0,0,3,1,0
1,1,0,0,0,0,0,0,0,0,0,0,0,0,0,0,1,0,0,0,21,2,0
0,0,0,0,0,1,0,0,0,0,1,0,0,0,0,0,1,0,0,0,3,0,0
0,0,0,0,0,0,1,1,0,0,0,0,0,0,0,1,0,0,1,0,5,1,0
0,0,0,0,0,0,0,0,0,0,0,0,0,0,0,0,0,0,0,0,3,1,0
0,0,0,1,0,0,1,0,0,0,0,0,0,0,1,0,0,0,0,0,8,1,0
0,0,0,0,0,0,0,0,0,0,0,0,0,0,1,0,1,0,0,0,5,1,0
0,0,0,0,0,0,0,0,0,1,0,0,1,0,1,0,0,0,0,0,4,1,0
0,0,0,1,0,0,1,0,0,0,0,0,0,0,1,0,1,0,0,0,8,1,0
0,0,0,0,0,0,1,0,0,0,0,0,0,0,0,0,0,0,1,0,2,1,0
0,0,0,0,0,0,0,0,0,0,0,0,0,1,1,0,0,0,0,0,2,1,0
0,1,1,0,0,0,0,0,0,0,0,0,0,0,0,0,0,1,0,0,12,1,0
1,0,0,0,0,0,0,0,0,0,0,0,0,0,0,0,0,0,0,0,3,1,0
0,0,0,0,0,0,0,0,1,0,0,1,0,0,0,0,1,0,0,0,2,1,0
0,0,0,0,0,0,0,1,0,0,0,0,0,0,1,0,1,0,0,0,195,1,0
0,0,0,0,0,0,0,0,0,0,0,0,0,0,0,0,0,0,0,0,2,1,0
0,0,0,0,1,1,0,0,0,0,1,0,0,0,0,1,0,0,0,0,3,3,0
0,0,0,0,0,0,0,0,0,0,0,1,0,1,1,0,1,0,0,0,3,1,0
0,0,0,0,0,0,0,0,0,0,0,0,1,0,0,1,0,0,0,0,6,3,0
0,0,0,0,0,1,0,0,0,0,0,0,0,1,0,0,1,0,0,0,5,3,0
0,0,0,0,0,0,0,0,0,0,0,0,0,0,0,0,0,0,0,0,3,2,0
0,0,0,1,1,0,1,0,0,0,0,0,0,0,0,0,0,0,0,0,6,1,0
0,0,0,1,1,0,1,0,1,0,0,0,0,0,0,0,0,0,0,0,31,1,0
0,0,0,0,0,0,0,0,0,0,0,0,0,0,0,1,0,0,1,0,6,2,0
0,0,0,0,0,0,0,0,0,0,0,0,0,0,1,0,1,0,0,0,83.2,5,0
0,0,1,0,0,1,0,0,0,1,0,0,0,0,1,0,0,0,0,0,7,1,0
0,0,0,0,0,0,1,0,0,0,0,0,0,0,0,0,1,0,0,0,8,2,0
0,1,0,0,0,0,0,0,0,0,0,0,0,0,0,0,0,0,0,0,4,5,0
0,0,0,0,0,0,0,0,0,0,0,0,0,0,0,0,1,0,0,0,4,2,0
0,0,0,0,0,0,0,0,0,0,0,1,0,0,0,0,1,0,0,0,4,1,0
0,0,0,0,0,0,0,1,0,0,0,0,0,0,0,0,0,0,0,0,8,1,0
0,0,0,0,0,0,0,0,1,1,0,0,0,0,0,0,0,0,0,0,247,1,0
0,0,0,0,0,0,0,0,0,0,0,0,0,0,0,0,1,0,0,0,79,1,0
0,0,0,0,0,0,0,0,0,0,0,0,0,0,1,0,0,0,1,0,11,5,0
0,0,0,0,0,0,0,0,0,0,0,0,0,0,1,0,0,0,0,0,99,1,0
0,0,0,0,0,0,0,0,1,0,0,0,0,0,0,0,1,0,0,1,3,1,0
0,0,0,0,0,0,0,0,0,0,0,0,0,0,0,0,0,0,0,0,3,1,0
0,0,0,0,0,0,0,0,0,0,0,0,0,0,0,0,0,0,0,0,3,3,0
0,0,0,0,0,0,0,0,0,0,0,0,0,0,0,0,1,0,0,0,3,1,0
0,0,0,0,0,0,0,0,0,0,0,0,0,1,1,0,0,0,0,0,4,2,0
1,1,0,0,1,0,0,0,1,0,0,0,0,0,0,0,0,0,0,0,242,2,1
1,1,0,0,1,0,0,0,0,0,0,0,0,0,0,0,1,0,0,0,10,1,0
0,0,0,0,0,1,0,0,1,0,0,0,0,0,1,1,0,0,0,0,4,3,0
1,0,0,0,0,0,0,0,0,0,0,0,0,0,0,0,1,0,0,0,3,1,0
0,0,0,0,0,0,0,0,0,0,0,0,0,0,1,0,1,0,0,0,4,8,0
0,0,0,0,0,0,0,0,0,0,0,0,0,1,0,0,0,1,0,0,15,3,0
0,0,0,0,0,0,0,0,0,0,0,0,0,0,0,0,0,0,0,0,8,2,0
0,0,0,1,0,0,1,0,0,0,0,0,0,0,0,0,1,0,0,0,3,2,0
0,0,0,0,0,0,0,0,0,0,0,1,0,0,0,0,0,0,0,0,3,2,0
0,0,0,0,0,0,0,0,0,0,0,0,0,0,1,0,0,1,0,0,2,1,0
0,0,0,0,0,0,0,0,0,0,0,0,0,0,0,0,0,0,0,0,3,2,0
0,0,0,0,0,0,0,0,0,0,0,0,0,0,1,0,0,0,0,0,3,1,0
0,0,0,0,0,0,0,0,0,0,0,1,0,0,1,1,0,0,0,0,0,1,0
0,0,0,0,0,0,0,0,0,0,0,0,0,0,0,0,0,0,0,1,5,1,0
0,0,0,0,0,0,0,0,0,0,0,0,0,0,0,0,0,0,0,0,2,2,0
0,0,0,0,0,0,0,0,0,0,0,1,0,0,0,0,1,0,0,0,7,1,0
0,0,1,0,0,0,0,0,0,0,0,0,0,0,0,1,0,0,0,0,3,1,0
0,0,0,0,0,0,0,0,0,0,0,0,0,0,1,0,0,0,0,0,3,1,0
0,0,0,0,0,0,0,0,0,1,0,0,0,0,0,0,0,0,1,0,4,4,0
0,0,0,0,0,0,0,0,0,0,0,0,0,1,0,0,1,0,0,0,2,1,0
0,1,0,0,1,0,0,0,0,0,0,0,0,0,0,0,0,1,0,0,10,1,0
0,0,0,0,0,0,0,0,0,0,1,0,0,0,1,0,0,0,0,0,9,6,0
0,0,0,0,0,1,0,0,0,0,0,0,0,0,1,0,0,0,0,1,4,1,0
0,0,0,0,0,0,0,0,0,0,0,0,1,0,1,0,1,0,0,1,2,3,0
0,0,0,0,0,0,0,0,0,0,0,1,0,0,0,0,0,0,0,0,3,1,0
0,0,0,0,0,0,0,0,0,0,0,0,0,0,0,0,0,0,0,0,3,1,0
0,0,0,0,0,0,0,0,0,0,0,0,0,0,0,0,1,0,0,0,6,4,0
0,0,0,0,0,0,1,1,0,0,0,0,0,0,1,0,0,0,0,0,139,2,0
0,0,0,0,0,0,0,0,0,0,0,0,0,0,1,1,0,0,0,0,2,1,0
0,0,0,0,0,0,0,0,0,0,0,0,0,0,1,0,0,0,0,0,2,1,0
0,0,0,0,1,0,0,0,0,0,0,0,0,0,0,0,0,0,0,0,3,2,0
0,0,0,0,0,0,0,0,0,0,0,0,0,0,1,0,0,0,0,0,2,1,0
0,0,0,0,0,0,0,0,1,0,0,0,0,0,1,0,0,0,0,0,3,1,0
0,0,0,0,0,0,0,0,0,0,0,0,0,0,0,0,0,0,0,0,11,2,0
0,0,0,0,0,0,0,0,0,0,0,0,0,0,1,0,0,0,0,0,3,3,0
0,0,0,0,0,0,0,0,0,0,0,1,0,0,1,0,0,0,0,0,3,4,0
0,0,0,0,0,0,0,0,1,0,0,1,0,0,0,0,1,0,0,0,6,1,0
0,0,0,0,0,0,0,0,0,0,0,0,0,0,0,0,0,0,0,0,11,1,0
0,0,0,0,0,0,0,0,0,0,0,0,0,0,1,0,0,0,0,0,7,1,0
1,1,0,0,1,0,0,0,0,0,0,0,0,0,1,0,0,0,0,0,32,1,0
0,0,0,0,0,0,0,0,0,0,0,0,0,0,1,0,0,0,0,0,3,1,0
0,0,0,0,0,0,0,0,0,0,0,0,0,0,0,0,0,0,0,0,24,1,0
0,0,0,0,0,0,0,0,0,0,1,0,0,0,0,0,0,0,0,0,2,2,0
0,0,0,0,0,0,0,0,0,0,0,1,0,0,0,0,1,0,0,0,102,2,0
0,1,0,0,0,0,0,0,0,0,0,0,0,0,1,0,0,0,1,0,6,5,0
0,0,0,0,0,0,0,1,0,0,1,1,1,0,0,0,0,0,0,0,100,2,0
0,0,0,0,0,0,0,0,0,0,0,0,0,0,0,0,0,0,0,0,3,1,0
0,0,0,0,0,0,0,0,0,0,1,0,1,0,1,1,0,0,0,0,3,1,0
0,0,0,0,0,0,0,0,0,0,0,0,0,0,0,0,0,1,0,0,4,2,0
0,0,0,0,0,0,0,0,0,0,0,1,0,0,0,0,1,0,0,0,6,1,0
0,1,0,0,0,0,0,0,0,0,0,0,0,0,1,0,0,0,0,0,3,1,0
0,0,0,0,0,0,0,0,0,0,0,0,0,0,0,0,0,0,0,0,10,2,0
0,0,0,0,0,0,0,0,0,0,0,0,0,0,0,0,0,0,0,0,3,1,0
0,0,0,0,0,1,0,1,0,0,0,0,0,0,1,0,0,1,1,0,3,1,0
0,0,0,0,0,0,0,0,0,0,0,0,0,0,0,0,0,0,0,0,2,1,0
0,0,0,0,0,0,0,0,0,0,0,0,0,0,0,0,0,0,0,0,3,1,0
1,0,1,0,0,0,0,0,0,0,1,0,0,0,0,0,1,0,0,0,8,3,0
0,0,0,0,0,0,0,0,0,0,0,0,0,1,0,0,0,0,0,0,0,1,0
0,0,0,0,0,0,0,0,0,0,0,0,0,0,1,0,0,0,0,0,3,1,0
0,0,0,0,1,0,0,0,0,0,0,1,0,0,0,0,0,0,0,0,5,1,0
0,0,0,0,0,0,0,1,0,0,0,1,0,0,1,0,1,0,0,0,5,1,0
0,0,0,0,0,0,0,0,0,0,0,0,0,0,1,1,0,0,1,0,14,0,0
0,0,0,0,0,0,0,0,0,0,0,0,0,0,0,0,0,0,0,0,12,1,0
0,1,0,0,1,0,0,0,0,0,0,0,0,1,1,0,0,0,0,0,9,1,0
0,0,0,0,0,0,0,0,0,0,0,0,0,0,0,0,0,0,0,0,3,1,0
0,0,0,0,0,0,0,0,0,0,0,0,0,1,0,0,0,0,0,0,7,0,0
0,0,0,0,0,0,0,0,0,0,0,0,0,0,1,0,1,0,0,0,3,1,0
0,0,0,0,0,0,0,0,0,0,0,0,0,0,0,0,0,0,0,0,4,1,0
0,0,0,0,0,0,0,0,0,0,0,0,0,0,0,0,1,0,0,0,3,1,0
0,0,0,0,0,0,0,0,0,0,0,0,1,0,0,0,0,0,0,0,4,0,0
0,0,0,0,0,0,0,0,0,0,0,0,0,0,0,0,0,0,0,0,2,1,0
0,0,0,0,0,0,0,0,0,0,0,0,0,1,0,0,0,0,0,0,18,1,0
0,0,0,0,0,0,0,0,0,0,1,0,0,0,1,0,0,0,1,0,13,1,0
0,0,0,0,0,0,0,0,0,0,0,0,0,0,1,0,1,0,0,0,7,0,0
1,0,0,0,0,0,0,0,0,0,0,0,0,0,0,0,0,0,0,0,4,1,0
0,0,0,0,1,0,0,0,0,0,0,0,0,0,0,0,0,0,0,0,3,2,0
0,0,0,0,0,0,0,0,0,0,0,0,0,0,0,0,0,0,0,0,4,3,0
0,0,1,0,0,1,0,0,0,0,0,0,0,0,0,0,0,0,0,0,34,2,0
1,0,0,0,0,0,0,0,0,0,0,0,0,0,0,0,0,0,0,0,13,5,0
0,0,0,0,0,0,0,1,0,0,0,1,0,1,1,1,1,0,0,0,9,2,0
0,0,0,0,0,0,0,0,0,0,0,0,0,0,1,1,0,0,0,0,4,1,0
0,0,0,0,0,0,0,0,0,0,1,0,1,0,1,0,0,1,0,0,7,4,0
0,0,0,0,0,1,0,0,0,0,0,0,0,0,0,0,0,0,0,1,3,3,0
0,1,0,0,0,0,0,1,0,0,0,0,0,0,1,0,0,0,0,0,2,1,0
0,0,0,0,0,0,0,0,0,0,0,0,0,0,0,0,0,0,1,0,2,1,0
0,0,0,0,0,1,0,0,0,0,0,0,0,1,0,0,0,0,0,0,3,1,0
0,0,0,0,0,0,0,0,0,0,0,0,0,0,1,0,1,0,0,0,11,1,0
1,0,0,1,0,0,1,0,0,1,0,0,0,0,1,0,0,0,0,0,10,1,0
0,0,0,0,0,0,0,0,0,0,0,0,0,0,1,0,0,0,0,0,2,1,0
0,0,0,0,0,1,0,0,0,0,0,0,0,0,0,0,0,0,0,0,6,1,0
0,0,0,0,0,1,0,0,0,0,0,0,0,0,1,0,0,0,0,0,3,1,0
0,1,1,0,0,0,0,0,0,0,0,0,0,0,0,0,0,0,0,0,6,1,0
0,0,0,0,0,0,0,0,0,1,1,0,0,0,0,0,1,0,0,0,3,1,0
0,0,0,1,0,1,1,0,0,0,0,0,0,0,0,0,1,0,0,1,16,1,0
0,0,0,0,0,0,0,0,0,0,0,0,0,0,0,0,1,0,0,0,9.9,1,0
0,0,0,0,0,0,0,0,0,1,0,0,0,0,0,0,1,0,0,0,3,1,0
0,0,0,0,0,0,0,0,0,0,0,0,0,0,0,0,0,0,0,0,3,2,0
0,0,0,0,0,0,0,0,0,0,0,0,0,0,0,0,1,0,0,0,3,1,0
0,0,0,0,1,0,0,0,0,0,0,0,0,0,0,0,0,0,0,0,4,2,0
1,0,1,1,1,1,1,0,0,0,0,0,0,0,0,0,0,0,0,0,23,3,1
0,0,0,0,0,0,0,0,0,0,0,0,0,0,0,0,0,1,0,0,4,1,0
0,0,1,0,0,0,0,0,0,0,0,0,0,0,0,0,0,0,0,0,35,1,0
0,0,0,1,0,0,1,0,0,0,0,0,0,0,0,0,0,0,0,0,3,4,0
0,0,0,1,0,0,1,0,0,0,0,0,0,0,0,0,0,0,0,0,24,1,0
0,0,0,0,0,0,0,0,0,0,0,0,0,0,1,0,0,0,0,0,3,1,0
0,0,0,0,0,0,0,0,0,0,0,0,0,0,0,0,0,0,0,0,29,1,0
0,0,0,0,0,0,0,0,0,0,0,0,1,0,0,0,1,1,0,0,15,2,0
0,0,0,0,0,0,0,0,0,0,0,0,0,0,0,0,1,0,0,0,4,1,0
1,1,0,0,1,0,1,0,0,0,0,0,1,0,0,0,0,0,0,0,16,9,0
0,0,0,0,0,0,0,0,0,1,0,0,0,0,0,0,0,0,0,0,3,1,0
0,0,0,0,0,0,0,0,0,0,0,0,0,0,0,0,1,0,0,0,3,1,0
0,0,0,0,0,0,0,0,0,0,0,0,0,0,0,0,0,0,0,0,3,7,0
0,0,0,0,0,0,0,0,0,0,0,0,0,0,0,0,0,0,0,0,3,5,0
0,0,0,0,0,0,0,0,0,0,0,0,0,0,0,0,0,0,0,0,4,1,0
0,0,1,0,0,0,0,0,0,0,1,0,0,0,1,0,0,0,0,0,3,2,0
0,0,0,0,0,0,0,0,0,0,0,0,0,0,0,1,1,0,0,0,4,1,0
1,1,0,0,0,0,0,0,0,0,0,0,0,0,0,0,0,0,0,0,56,3,0
0,0,0,0,0,1,0,0,0,0,1,0,0,0,0,0,0,0,0,0,3,1,0
0,0,0,0,1,0,0,0,0,0,1,0,0,0,1,0,0,0,0,1,2,5,0
0,0,0,0,0,0,0,0,0,0,0,0,0,0,0,0,1,0,0,0,3,1,0
0,0,0,0,0,0,0,0,0,0,0,0,0,0,1,0,1,0,0,0,2,1,0
0,0,0,0,0,0,0,0,0,0,0,0,0,0,0,0,0,0,0,0,3,2,0
0,0,0,0,0,0,0,0,1,0,0,1,0,0,1,0,0,0,0,0,3,1,0
0,0,0,0,0,0,0,0,0,0,0,0,0,0,0,0,0,0,0,0,2,1,0
0,0,0,0,0,0,0,0,0,0,0,0,0,0,1,0,0,0,0,0,10,2,0
0,0,0,0,0,0,0,0,0,0,1,0,0,0,0,1,1,0,1,0,13,1,0
0,0,0,0,0,0,0,0,0,0,0,0,0,0,0,0,1,0,0,0,5,1,0
1,1,1,0,1,0,0,0,0,0,0,0,0,0,0,0,0,0,0,0,21,1,1
0,0,0,0,0,0,0,0,1,0,0,0,0,0,1,0,1,0,0,0,7,1,0
0,0,0,0,0,0,0,0,0,0,0,1,0,0,0,0,1,0,0,0,79,0,0
0,0,0,0,0,0,0,0,0,0,0,0,0,0,0,0,0,0,0,0,2,1,0
0,0,0,0,0,0,0,0,1,0,0,0,0,1,0,0,1,0,0,0,6,2,0
0,0,0,0,0,0,0,0,0,0,0,0,0,0,0,0,0,1,0,0,15,1,0
0,0,0,0,0,0,0,0,0,0,0,0,0,0,0,0,0,0,0,0,3,0,0
0,0,0,0,0,0,0,0,0,0,0,0,0,1,0,0,0,0,0,0,194,2,0
0,0,0,0,0,0,0,0,0,0,0,0,0,1,1,0,0,0,0,0,3,1,0
0,0,0,0,0,0,0,0,1,0,0,0,0,0,0,0,1,0,0,0,4,1,0
0,0,0,0,0,0,0,0,0,0,0,0,0,0,0,0,0,0,0,0,5,1,0
0,0,1,0,0,0,0,0,0,0,1,0,0,0,1,0,0,0,0,0,3,2,0
0,0,0,0,0,0,0,0,0,0,0,0,0,0,1,1,0,0,0,0,2,1,0
0,0,0,0,0,0,0,0,0,0,0,0,0,0,0,0,1,0,0,0,2,1,0
0,0,0,0,0,1,0,0,0,0,0,0,1,0,0,0,1,0,0,0,8,3,0
0,0,0,0,0,0,0,0,0,0,0,0,0,0,1,0,1,0,1,0,2,1,0
0,0,0,0,0,0,0,0,0,0,0,0,0,0,0,0,0,0,0,0,26,3,0
0,0,1,0,0,1,0,0,0,0,0,1,0,1,0,0,1,0,1,0,4,6,0
0,0,0,0,0,0,0,0,1,0,0,0,0,0,0,1,1,0,0,0,22,1,0
0,0,0,0,1,0,0,0,0,0,1,1,0,0,0,0,0,0,0,0,3,0,0
0,0,0,0,0,0,0,0,0,0,0,1,0,0,1,0,0,0,0,0,3,1,0
0,0,0,1,0,0,1,0,0,0,0,1,0,1,0,0,0,0,0,0,4,1,0
0,0,0,1,0,0,1,1,0,0,0,0,0,0,0,0,0,0,0,0,3,1,0
0,0,1,0,0,0,0,0,0,0,1,0,0,0,0,0,0,0,0,0,3,1,0
0,0,0,1,0,0,1,0,0,0,0,0,0,0,1,0,1,0,0,0,2,1,0
0,0,1,0,0,0,0,0,0,0,0,0,0,0,0,0,0,0,0,0,30,4,0
0,0,0,0,0,0,0,1,0,1,0,0,0,0,1,0,0,0,0,1,3,1,0
0,0,0,0,0,1,0,0,1,0,0,0,0,0,1,1,0,0,1,0,7,0,0
0,0,0,0,1,0,0,0,0,0,0,0,0,0,0,0,0,1,0,0,3,1,0
0,0,0,0,0,0,0,1,0,0,0,0,0,0,1,0,1,0,0,0,2,1,0
0,0,1,0,0,0,0,0,0,0,0,0,0,0,0,0,0,0,0,0,4,2,0
0,0,0,0,0,0,0,1,0,0,0,1,0,0,0,0,0,0,0,0,2,1,0
0,0,0,0,0,0,0,0,0,0,0,0,0,0,0,0,0,0,0,0,11,1,0
0,0,0,0,0,0,0,0,0,0,0,0,0,0,0,0,1,0,0,0,5,1,0
0,0,0,0,1,0,0,0,0,0,0,0,0,0,0,0,0,0,0,0,62,4,0
0,0,0,0,1,0,0,0,0,0,0,0,0,0,1,0,1,1,0,0,11,2,0
0,0,0,0,0,0,0,0,0,0,0,0,0,0,0,0,1,0,0,0,4,2,0
0,0,0,0,0,0,0,0,0,0,0,0,0,0,1,0,0,0,0,0,10,1,0
0,0,0,0,0,0,0,0,0,0,0,0,0,0,0,0,0,0,0,0,7,5,0
0,0,0,0,0,0,0,0,0,0,0,0,0,0,0,0,0,1,0,0,2,1,0
0,0,0,0,0,0,0,0,0,0,0,0,0,0,1,0,0,0,0,0,3,1,0
0,0,0,0,0,0,0,0,0,0,0,0,0,0,1,0,0,0,0,0,18,1,0
0,0,0,0,0,0,0,0,0,0,0,0,0,1,0,1,0,1,1,0,22,1,0
0,0,0,0,0,0,0,0,0,1,0,0,0,0,0,0,0,0,0,0,3,2,0
0,0,0,0,0,0,0,0,0,0,0,0,0,0,1,0,1,0,0,0,3,2,0
0,0,1,0,0,0,0,0,0,0,0,0,0,0,0,1,0,0,0,0,4,2,0
0,0,0,0,0,0,0,0,0,0,0,0,0,0,0,0,0,0,0,0,3,1,0
0,0,0,0,0,0,0,0,0,0,0,0,0,0,0,0,1,1,0,0,2,2,0
0,0,0,0,0,0,0,0,0,0,0,0,0,0,0,0,0,0,0,0,2,1,0
0,0,0,0,0,0,0,1,0,0,0,1,0,0,0,0,0,0,1,1,61,4,0
0,0,0,0,0,0,1,0,0,0,0,0,0,0,1,1,0,0,0,0,23,8,1
0,0,0,0,0,0,0,0,0,0,0,0,0,0,0,0,0,0,0,0,21,1,0
0,0,0,0,0,0,0,0,0,0,1,0,0,0,0,0,0,0,0,0,25.0,1,0
0,0,0,0,0,0,1,0,0,0,0,0,0,0,0,0,0,1,0,0,17,1,0
0,0,0,0,1,0,1,0,0,0,0,0,0,0,0,0,0,0,0,0,4,1,0
0,0,0,0,0,0,0,0,0,0,0,0,0,0,1,0,0,0,0,0,2,3,0
0,0,0,0,0,0,0,1,0,0,0,0,0,0,1,0,1,0,0,0,3,1,0
0,0,0,0,0,1,0,0,0,0,0,0,0,0,0,0,0,0,0,0,16,1,0
0,0,0,0,0,0,0,0,0,0,0,0,0,0,0,0,1,1,0,0,4,3,0
0,1,0,1,1,0,1,0,0,0,0,0,0,0,0,0,1,0,0,0,28,2,0
0,0,0,0,0,0,0,0,0,0,0,1,0,1,1,0,1,1,0,0,320,5,0
0,0,0,0,0,0,0,0,0,0,0,0,0,0,0,0,1,0,0,0,6,7,0
0,0,0,0,0,0,0,0,0,0,0,0,0,0,0,0,0,0,0,0,5,5,0
0,0,0,0,0,0,0,0,0,0,0,0,0,0,0,0,0,1,0,0,5,1,0
0,0,1,0,0,0,0,0,0,0,0,0,1,1,1,1,0,0,0,0,5,1,0
0,0,0,0,0,0,0,0,0,0,0,0,0,0,1,0,0,0,0,0,3,9,0
0,0,0,0,0,0,0,0,0,0,0,0,0,0,1,0,1,0,1,0,5,1,0
0,0,0,0,0,0,0,0,0,0,0,0,0,0,0,0,0,0,0,0,12,1,0
0,0,0,0,0,0,0,0,0,0,0,0,0,0,1,0,0,0,0,0,3,2,0
0,0,0,0,0,1,0,1,0,0,0,0,0,0,0,0,1,0,0,0,3,1,0
0,0,0,0,0,0,0,0,0,1,0,0,0,0,1,0,0,0,0,0,3,7,0
0,0,0,0,1,0,0,0,0,0,0,0,0,0,1,0,0,0,0,0,5,1,0
0,0,0,0,0,0,0,0,0,0,0,0,1,0,0,0,0,0,0,0,7,1,0
0,0,0,0,0,0,0,0,0,0,0,0,0,0,0,0,0,0,0,0,6,2,0
0,0,1,0,0,0,0,0,1,1,1,0,0,0,0,1,0,0,0,0,3,5,0
0,0,0,0,1,0,0,0,0,0,0,0,0,0,1,0,1,0,0,0,6,2,0
0,0,0,0,0,0,0,0,0,0,0,0,0,0,0,0,0,0,0,0,3,1,0
0,0,0,0,1,0,0,0,0,0,0,0,0,1,0,0,0,0,1,0,49,0,0
0,0,0,0,0,0,0,0,0,0,0,0,0,0,0,1,0,0,0,0,23,1,0
1,0,0,0,0,0,0,0,0,0,0,0,0,0,0,0,0,0,0,0,27,3,1
0,0,0,0,0,0,0,0,0,0,0,1,0,0,0,0,1,0,0,0,98,1,0
0,0,0,0,0,0,0,0,0,0,0,0,0,0,1,0,0,0,0,0,10,1,0
0,0,0,0,0,0,0,0,0,1,0,0,0,0,0,0,0,0,0,0,3,1,0
0,0,0,0,0,0,0,1,0,0,1,0,0,0,0,0,0,0,0,0,3,2,0
0,0,0,0,0,0,0,0,0,0,1,0,1,1,0,0,1,0,0,0,4,2,0
0,0,0,0,0,0,0,0,0,0,0,0,0,0,0,0,0,0,0,0,108,3,0
0,0,0,0,0,0,0,0,0,0,0,0,0,0,1,0,0,0,0,0,3,1,0
0,0,0,0,0,0,0,0,0,0,0,0,0,0,1,0,0,0,0,0,3,1,0
0,0,0,0,0,0,0,0,0,0,0,0,1,0,0,0,0,1,0,0,3,1,0
0,0,0,0,0,0,0,0,0,0,0,0,0,1,0,0,0,0,0,0,3,1,0
0,0,1,0,0,0,0,0,0,0,0,0,0,0,0,0,0,1,0,0,25,5,0
0,0,0,0,0,0,0,0,0,0,0,1,0,0,1,0,0,0,0,1,3,1,0
0,0,0,0,0,1,0,0,0,0,0,0,0,0,0,0,0,0,0,0,4,1,0
0,0,1,0,0,0,0,0,0,0,0,0,0,0,0,0,1,0,0,1,119,1,0
0,0,1,1,0,0,1,0,0,1,0,0,0,0,1,1,0,0,0,0,7,1,0
0,0,1,0,0,0,0,0,0,0,1,0,0,0,0,0,0,0,0,0,11,1,0
0,0,0,0,0,0,0,0,0,0,0,0,0,0,0,0,0,0,0,0,44,1,0
0,0,0,0,0,0,0,0,0,0,0,0,0,0,0,0,0,0,0,1,3,1,0
0,1,0,0,1,0,0,0,0,0,0,0,0,0,1,0,0,0,0,0,26,1,0
0,0,0,0,0,0,0,0,0,0,0,0,0,0,0,0,0,0,0,0,4,2,0
0,0,0,0,0,0,0,0,0,0,0,0,0,0,0,0,0,1,0,0,4,2,0
0,0,0,0,0,0,0,0,0,0,0,0,0,0,0,0,0,0,1,0,3,1,0
0,0,0,0,0,0,0,0,0,0,0,0,0,0,1,0,1,0,0,0,2,1,0
1,0,0,0,0,1,0,0,0,0,0,0,0,0,0,0,0,0,0,0,30,2,0
0,0,0,0,0,0,0,0,0,0,0,0,0,0,0,0,0,0,0,0,3,1,0
0,0,0,0,0,0,0,0,0,0,0,0,0,1,0,0,0,0,0,1,4,1,0
0,0,0,0,0,0,0,0,0,0,0,0,0,0,0,0,0,0,0,0,2,1,0
0,0,0,0,0,0,0,0,0,0,0,0,0,0,0,0,0,0,0,0,25,4,0
0,1,1,0,0,0,0,0,0,0,0,1,0,0,0,0,0,1,0,0,2,3,0
0,0,0,0,0,0,0,0,0,0,0,0,0,0,1,0,1,0,0,0,13,1,0
0,0,0,0,0,0,0,1,0,0,0,0,0,0,1,0,0,0,0,0,8,2,0
0,0,0,0,0,0,0,0,0,0,0,0,0,0,1,0,0,0,0,0,3,1,0
0,0,0,0,0,1,0,0,0,1,0,1,1,0,1,0,0,0,0,0,3,5,0
0,0,0,0,0,0,0,1,0,0,1,0,0,0,1,0,0,0,0,0,7,1,0
0,0,0,0,0,0,0,0,0,0,0,0,0,0,0,0,1,0,0,0,4,3,0
0,0,0,1,0,0,1,0,0,0,0,0,0,1,0,0,0,1,0,0,34,1,0
1,0,1,1,0,0,1,0,0,0,0,0,0,0,0,0,1,0,0,0,18,3,0
0,0,0,0,0,0,0,0,0,0,0,0,0,0,0,0,0,0,0,0,3,3,0
0,0,0,0,1,0,0,0,0,0,0,0,0,0,1,0,0,0,0,0,3,2,0
0,1,0,0,0,0,0,0,0,0,0,0,0,0,0,1,0,0,0,0,16,7,0
0,0,0,0,0,0,0,0,0,1,0,0,1,0,0,0,1,0,1,0,3,2,0
0,0,0,0,0,0,0,0,0,0,0,0,0,0,0,0,1,0,0,0,4,3,0
0,0,1,0,0,1,0,0,0,0,0,0,0,0,0,0,0,0,1,0,3,2,0
0,0,0,0,0,0,0,0,0,0,0,0,0,0,0,0,0,0,0,0,3,1,0
0,0,0,0,0,0,0,0,0,0,0,1,0,0,0,0,1,0,0,0,14,1,0
1,1,0,0,0,0,0,0,0,0,0,1,1,0,1,0,0,0,0,0,3,3,0
0,0,0,0,1,1,0,0,0,0,0,1,0,0,1,1,0,0,0,0,3,7,0
0,0,0,0,0,0,0,0,0,0,1,0,0,0,0,0,0,0,0,0,2,1,0
1,0,0,0,0,0,0,0,0,0,0,0,0,0,0,0,0,0,0,0,12,2,0
0,0,0,0,0,0,0,0,0,0,0,0,0,0,0,0,0,0,0,0,5,1,0
0,0,0,0,1,0,0,1,0,0,0,0,0,0,1,0,0,0,0,1,2,2,0
0,0,0,0,0,0,0,0,0,0,0,0,0,0,1,0,1,0,0,0,4,5,0
0,0,0,0,0,0,0,0,0,0,0,0,0,1,0,0,0,0,0,0,11,1,0
0,0,0,0,0,0,0,0,0,0,0,0,0,0,0,0,0,0,0,0,2,2,0
0,0,0,0,0,0,0,0,0,0,0,0,0,0,0,0,0,0,0,0,3,1,0
0,0,0,0,0,0,1,0,0,0,0,0,0,0,0,0,0,0,0,0,5,1,0
0,0,0,0,0,0,0,0,0,0,0,0,0,0,0,0,0,0,0,0,34,2,0
0,0,0,0,0,0,0,0,0,0,0,1,0,0,0,0,0,0,0,0,3,2,0
0,0,0,0,0,0,0,0,0,0,0,0,0,0,0,0,0,0,0,0,22,3,0
0,0,0,0,0,0,0,0,0,0,0,0,0,0,0,0,0,0,0,0,31,5,0
0,0,0,0,1,0,0,0,0,0,0,0,0,0,1,0,0,0,0,0,4,1,0
1,0,0,0,0,0,0,0,0,0,0,0,0,1,0,0,0,0,0,0,5,1,0
0,0,0,0,0,0,0,0,0,0,0,0,0,0,1,0,0,0,0,0,3,1,0
0,0,0,0,0,0,0,0,0,0,0,0,0,0,0,0,0,0,0,0,23,2,0
0,0,0,0,1,0,0,0,0,0,0,0,0,0,1,0,0,0,0,0,3,1,0
1,0,0,0,0,0,0,0,0,0,0,0,0,0,0,0,1,0,0,0,80,5,0
0,0,0,0,1,0,0,0,0,0,0,0,0,0,1,0,1,0,0,0,15,1,0
0,1,0,0,0,0,0,0,0,0,0,0,0,0,0,0,1,0,0,0,7,2,0
0,0,0,0,0,0,0,0,0,0,0,0,0,0,0,0,0,1,0,0,4,2,0
0,1,0,0,0,0,0,0,0,0,0,0,0,0,0,0,0,0,0,0,9,1,0
0,0,0,0,0,0,0,0,0,0,0,0,0,1,0,0,1,0,0,0,30,2,0
0,0,0,0,0,0,0,0,0,0,0,0,0,0,0,0,0,0,0,0,3,1,0
0,0,0,0,0,0,0,0,0,0,0,0,0,0,0,0,0,0,0,0,6,1,0
0,0,0,0,0,0,0,0,0,0,0,0,0,0,1,0,1,0,0,0,3,1,0
0,0,0,0,0,0,0,0,0,0,0,0,0,1,1,0,1,1,0,0,3,1,0
0,1,0,0,0,1,0,1,0,1,0,0,0,1,1,0,0,0,0,0,5,1,0
1,0,1,1,0,0,1,0,0,0,0,1,0,0,0,0,1,0,0,0,28,2,0
0,0,0,0,0,0,0,0,0,0,0,1,0,0,0,0,1,0,0,0,6,5,0
0,0,1,0,1,0,0,0,0,0,0,0,0,0,1,0,0,0,0,0,3,1,0
0,0,0,0,0,0,0,0,0,0,0,0,0,0,0,1,1,0,0,0,2,1,0
0,0,0,0,0,0,1,0,1,0,0,0,0,0,0,0,1,0,0,0,41,1,0
0,0,0,0,0,0,0,0,0,0,0,1,0,0,0,0,0,0,0,0,4,1,0
0,0,0,0,0,0,0,0,0,0,0,0,0,0,1,0,0,0,0,0,6,3,0
0,0,0,0,1,0,0,0,0,0,0,0,0,0,0,0,0,0,0,0,3,2,0
0,0,0,0,0,0,0,0,0,0,1,0,0,0,1,0,0,0,0,0,10,1,0
0,0,0,0,0,0,0,0,0,0,0,0,0,0,1,0,0,0,0,0,4,2,0
0,0,0,0,0,0,0,0,0,0,0,0,1,0,1,0,0,0,0,0,11,5,0
0,0,0,0,0,0,0,0,0,0,0,1,0,0,0,0,0,0,0,0,25,1,0
0,0,0,0,0,0,0,0,0,0,0,0,0,1,1,0,0,0,0,0,3,2,0
0,0,0,0,1,0,0,0,0,0,1,0,0,0,1,0,0,0,0,0,4,2,0
0,0,0,0,0,0,0,0,0,0,0,0,0,0,1,0,0,0,0,0,3,1,0
0,0,1,1,0,0,0,0,0,0,0,0,0,1,0,0,0,0,0,0,2,2,0
0,0,0,0,0,1,0,0,1,0,0,0,0,0,0,1,0,0,0,0,9,2,0
0,0,0,0,0,0,0,0,0,0,0,0,0,0,0,0,0,0,0,0,3,1,0
0,0,0,0,0,0,0,0,0,0,0,0,0,0,0,1,0,1,0,0,3,2,0
0,0,0,0,0,0,0,0,0,0,0,0,0,0,0,0,0,1,0,1,3,1,0
0,0,0,0,0,0,0,0,0,0,0,0,0,0,0,0,0,1,0,0,22,1,0
0,0,0,0,0,0,0,0,0,0,0,0,0,1,1,0,0,0,0,0,4,0,0
0,0,0,0,0,0,0,0,0,0,0,0,0,0,0,0,0,0,0,0,2,1,0
0,0,0,0,0,1,0,0,0,0,0,0,0,0,0,0,0,0,0,0,194,5,0
0,0,0,0,0,0,0,0,0,0,0,0,0,0,0,0,0,0,0,0,72,1,0
0,0,0,0,0,0,0,0,0,0,0,0,0,0,1,0,0,0,0,0,137,8,0
0,0,1,0,0,0,0,0,0,0,0,0,0,0,0,0,0,0,0,0,244,3,0
0,0,0,0,1,0,0,0,0,0,0,0,0,1,1,0,0,0,0,0,2,1,0
1,1,0,1,1,0,0,0,1,0,0,0,0,0,0,0,0,0,0,0,21,2,0
0,0,0,0,0,0,0,0,0,0,0,0,0,0,1,0,0,0,0,1,3,3,0
0,0,0,0,1,0,1,0,0,0,0,0,0,0,0,0,0,0,1,0,165,2,0
0,0,0,0,0,0,0,1,0,0,0,0,0,0,1,0,1,0,0,0,18,2,0
0,0,1,0,0,0,0,0,0,0,0,0,0,1,0,0,1,0,0,0,3,5,0
0,0,0,0,0,0,0,0,0,0,0,0,0,0,1,0,0,0,0,0,3,0,0
0,0,0,0,0,0,0,0,0,0,0,0,0,0,1,0,1,0,0,0,18,1,0
0,0,0,0,0,0,0,0,0,0,0,0,0,0,0,0,0,0,0,0,5,1,0
0,0,0,0,0,1,0,0,0,0,0,0,0,0,0,0,0,0,0,0,12,4,0
0,0,0,0,0,0,0,0,0,0,0,0,0,0,0,0,0,0,0,0,6,1,0
0,0,0,0,0,0,0,0,0,0,0,0,0,0,0,0,0,0,0,0,15,8,0
0,0,0,0,0,0,0,0,0,0,0,0,0,0,0,0,1,1,0,0,4,1,0
0,0,0,0,0,0,0,0,0,0,0,0,0,0,1,0,0,0,0,0,2,1,0
0,0,0,0,0,0,0,0,0,0,0,0,0,0,1,0,0,0,0,0,3,1,0
0,0,0,0,0,0,0,0,0,0,0,1,0,0,0,0,0,0,0,0,308,3,0
0,0,0,0,0,0,0,0,0,0,0,0,0,0,0,0,0,0,0,0,1030,1,0
0,0,0,0,0,0,0,0,0,1,0,0,0,0,0,0,0,0,0,0,3,2,0
0,0,0,0,0,1,0,0,0,0,0,0,1,0,0,0,1,0,0,1,3,2,0
0,0,0,0,0,0,0,0,0,0,0,1,0,0,1,0,1,0,0,0,3,1,0
0,0,0,0,0,0,0,0,0,1,1,0,0,0,1,0,0,0,0,0,3,1,0
0,0,0,0,0,0,0,0,0,0,1,1,0,0,0,0,1,0,0,0,3,1,0
0,0,0,0,0,0,0,0,0,0,0,0,0,0,0,0,1,0,0,0,51,2,0
0,0,0,0,0,0,0,0,0,0,1,0,0,0,0,1,0,1,0,0,3,1,0
0,0,0,0,0,0,0,0,1,0,0,0,0,0,0,0,0,0,0,0,3,1,0
0,0,0,0,1,0,0,0,0,1,0,0,0,0,1,0,0,0,0,0,3,1,0
0,0,0,0,0,0,0,0,0,0,0,0,0,0,0,1,1,0,0,0,3,1,0
0,0,0,0,0,0,0,0,0,0,0,0,0,0,0,0,0,0,0,0,7,2,0
0,0,0,0,0,0,0,0,0,0,0,0,0,0,0,0,0,0,0,1,162,1,0
0,0,0,0,0,0,0,0,0,0,0,0,1,0,0,1,0,0,0,0,3,1,0
0,0,0,0,0,0,0,0,0,0,0,0,0,0,0,0,0,0,0,0,4,1,0
0,0,0,0,0,0,0,0,0,0,0,0,0,1,0,0,0,0,0,0,3,2,0
0,0,1,0,1,1,0,0,0,0,0,0,1,1,1,0,1,0,0,0,3,2,0
0,0,0,0,0,0,0,0,0,1,0,0,0,1,1,0,0,0,0,0,44,1,0
0,0,0,0,0,0,0,0,0,0,0,0,0,0,1,0,0,0,0,0,3,2,0
0,0,0,0,0,0,0,0,0,0,0,0,0,0,0,0,0,0,0,0,4,1,0
0,0,0,0,0,0,0,0,0,0,0,1,0,0,0,0,0,0,1,0,3,2,0
1,1,0,1,0,0,1,0,0,0,0,0,0,0,0,0,0,0,0,0,15,2,0
0,0,0,0,0,0,0,0,1,1,0,1,1,1,1,0,1,0,0,1,55,2,0
0,0,0,0,0,0,0,0,0,0,0,0,0,0,0,0,0,1,0,0,3,5,0
0,0,0,0,1,0,0,0,0,0,0,0,0,0,1,0,1,0,0,0,3,1,0
0,0,0,0,0,0,0,0,0,0,0,0,0,1,1,0,0,0,0,0,3,1,0
0,0,0,0,0,0,0,0,0,0,0,0,0,0,0,0,0,0,0,0,3,1,0
0,0,0,0,0,0,0,0,1,0,0,0,0,0,1,0,0,0,1,0,2,1,0
0,0,0,0,0,0,0,0,0,0,0,0,0,0,1,0,0,0,0,0,39,2,0
0,0,0,0,0,0,0,0,0,0,0,0,0,1,1,0,0,0,0,0,4,7,0
0,0,0,0,0,0,0,0,0,0,0,1,0,0,0,0,0,0,0,0,3,1,0
0,0,0,0,0,0,0,0,0,0,1,0,0,0,0,0,1,0,0,0,5,6,0
1,1,0,0,0,1,0,0,1,0,0,0,0,0,0,0,0,0,0,0,10,5,0
0,0,0,0,0,0,0,0,0,0,0,0,0,0,1,0,0,0,0,0,3,1,0
0,0,1,0,0,0,0,0,0,0,0,0,0,0,1,0,1,0,0,0,3,1,0
0,1,0,0,0,0,0,0,1,0,0,0,1,0,0,1,1,0,1,1,33,2,1
1,0,1,0,0,0,0,0,0,0,1,0,0,0,1,0,0,0,0,0,40,3,0
1,0,0,0,0,0,0,0,0,0,0,0,0,0,1,1,1,0,0,0,3,1,0
0,0,0,0,0,0,0,0,0,0,0,0,0,0,0,0,0,0,0,0,4,1,0
0,0,1,0,0,0,0,0,0,0,0,0,0,1,1,0,0,0,0,0,3,1,0
0,0,0,0,0,0,0,1,0,0,1,0,0,0,1,0,0,0,0,0,3,1,0
0,0,0,0,0,0,1,0,0,0,0,1,0,0,0,0,0,0,0,0,295,2,0
1,1,0,0,0,0,1,0,0,0,0,0,0,0,1,0,1,0,0,0,29,4,0
0,0,1,0,1,0,0,0,0,0,0,0,0,0,0,0,0,0,0,0,12,2,0
0,0,0,0,0,0,0,0,0,0,0,0,0,0,1,0,0,0,0,0,3,2,0
0,1,0,0,0,0,0,0,0,0,0,0,0,0,0,0,0,0,0,0,37,2,0
0,0,0,0,0,0,0,1,0,0,0,0,0,0,0,0,0,1,0,0,3,1,0
1,0,1,0,0,0,0,0,0,0,1,0,0,0,0,0,0,0,0,0,4,1,0
0,0,0,0,0,0,0,0,1,0,0,0,0,0,0,0,0,0,0,1,7,1,0
0,0,0,0,0,0,0,0,0,1,0,0,0,0,1,0,0,0,0,0,4,1,0
1,0,0,0,0,0,0,0,0,0,0,0,0,1,1,0,0,1,0,0,3,1,0
0,0,0,0,0,0,0,1,0,0,0,0,0,0,0,0,0,0,0,0,3,1,0
0,0,0,0,0,0,0,0,0,0,0,0,0,0,0,0,0,0,0,0,19,1,0
0,0,0,0,0,0,0,0,0,0,0,0,0,0,0,0,0,0,0,0,7,1,0
0,0,0,0,0,0,0,0,0,0,0,0,0,0,1,0,1,0,0,0,3,1,0
0,0,0,0,0,0,0,0,0,0,0,0,0,0,0,0,0,0,0,0,3,1,0
1,1,0,1,1,0,1,0,0,0,0,0,0,0,1,0,1,0,0,0,12,3,0
0,0,0,0,0,0,0,0,0,0,0,0,0,0,0,0,0,0,0,0,3,2,0
0,0,0,0,0,0,0,0,0,1,0,0,0,0,0,0,1,0,0,0,3,1,0
0,0,0,0,0,0,0,1,0,0,0,0,0,0,0,0,1,0,0,0,349,1,0
0,0,0,0,0,0,0,0,0,0,1,0,0,0,0,0,0,0,0,0,3,1,0
0,0,0,0,0,0,0,1,0,0,0,0,0,0,0,0,0,0,0,0,3,1,0
0,0,0,0,0,0,0,0,0,0,0,0,0,0,1,0,0,0,0,0,3,1,0
1,1,0,1,1,0,1,0,0,0,0,0,0,0,0,0,0,0,0,0,24,2,0
0,0,0,0,0,0,0,0,0,0,0,0,0,1,1,0,0,0,0,0,2,1,0
0,0,1,0,0,0,0,0,0,1,0,1,0,0,1,0,0,0,0,0,3,1,0
0,0,0,0,0,0,0,0,0,0,0,0,0,0,0,0,0,0,0,0,3,1,0
0,0,1,0,1,0,0,0,0,0,0,0,0,1,0,0,0,1,0,0,2,1,0
0,0,0,0,1,0,0,0,0,0,0,0,0,0,0,0,1,0,0,1,4,4,0
0,0,0,0,0,0,0,0,0,1,0,0,0,0,1,0,0,0,0,0,3,1,0
1,1,0,0,1,0,0,0,0,0,0,0,0,0,0,0,1,0,1,0,24,1,1
0,0,0,0,0,1,1,0,0,0,0,0,0,1,0,0,1,0,0,0,15,2,0
0,0,1,0,0,0,0,0,0,0,0,0,0,0,0,0,1,0,0,0,3,1,0
1,1,0,1,0,0,1,0,0,0,0,0,0,0,1,0,0,0,0,0,3,1,0
0,0,0,0,0,0,0,1,0,0,0,0,0,0,0,0,0,0,0,0,2,1,0
0,0,0,0,0,0,0,0,0,0,0,0,0,0,0,0,0,0,0,0,2,1,0
0,0,0,0,0,0,0,0,0,0,0,0,0,0,1,0,0,0,0,0,2,1,0
0,0,0,0,0,0,0,0,0,0,0,0,0,0,0,0,0,0,0,0,3,1,0
0,0,0,0,0,0,0,0,0,0,0,0,0,0,0,0,0,0,0,0,2,1,0
0,0,0,1,0,1,1,0,1,0,0,0,0,1,0,0,0,0,0,0,8,1,0
0,0,0,0,0,1,0,0,0,0,0,0,0,0,1,0,0,0,0,0,3,1,0
0,0,0,0,0,0,0,0,0,0,0,0,0,0,0,0,0,0,0,0,29,3,0
0,0,0,0,0,0,0,0,0,0,0,0,0,0,0,0,0,0,0,0,4,2,0
0,0,0,0,0,0,0,0,1,0,0,0,0,0,0,1,0,0,0,0,157,2,0
0,0,1,1,1,0,1,0,0,0,0,0,0,1,1,0,0,0,0,0,18,1,0
0,0,0,0,0,0,0,0,0,0,0,0,0,0,1,0,0,0,0,1,3,1,0
0,0,0,1,1,0,1,1,0,0,0,0,0,0,1,0,0,0,0,0,274,3,0
1,0,0,0,0,0,0,0,0,0,0,0,0,0,0,0,0,0,0,0,7,1,0
0,0,0,0,1,0,1,0,0,0,0,0,0,0,0,0,0,0,0,0,14.4,1,0
0,0,0,0,1,1,0,0,0,0,0,0,0,0,1,0,0,0,0,0,7,1,0
0,0,0,1,0,0,1,0,0,0,0,0,0,0,1,0,0,0,1,0,21,1,0
0,0,0,0,0,0,0,1,0,1,0,0,0,0,0,0,0,0,0,0,2,1,0
0,0,0,0,0,0,0,0,0,0,0,0,0,0,0,0,0,0,0,0,3,2,0
0,0,0,0,0,0,0,0,0,0,0,0,0,0,0,0,0,1,0,1,3,1,0
0,0,0,0,0,0,0,0,0,0,0,0,0,0,0,0,0,0,0,0,2,1,0
0,0,0,0,0,0,0,1,0,0,0,0,0,0,1,0,0,0,0,0,3,1,0
0,0,0,0,0,0,0,1,0,0,0,0,0,0,1,0,1,0,0,0,13,2,0
0,0,0,0,0,0,0,0,0,0,0,0,0,0,0,0,0,0,0,0,3,1,0
0,0,0,0,0,0,0,0,0,0,0,0,0,0,0,0,0,0,0,0,4,2,0
0,0,1,0,0,1,0,1,0,0,0,1,0,0,0,0,0,0,0,1,6,5,0
0,0,0,0,0,0,0,0,0,0,0,0,1,0,1,0,0,0,0,0,3,1,0
0,0,0,0,0,0,0,0,0,0,0,0,0,0,0,0,0,0,0,0,6,2,0
0,0,0,0,0,0,0,0,0,0,0,0,0,1,0,0,0,0,0,0,4,1,0
0,0,0,1,0,0,1,0,0,0,0,1,0,0,0,0,1,1,0,0,10,1,0
0,0,0,0,0,0,0,0,0,0,0,0,0,0,1,0,1,0,0,0,4,2,0
0,0,0,0,0,0,0,0,0,0,0,0,0,0,0,0,0,1,0,0,4,1,0
0,0,0,0,0,0,0,0,0,0,0,0,0,1,0,0,0,0,0,0,3,5,0
0,0,0,0,0,0,0,0,0,0,0,1,0,0,0,0,0,0,0,0,3,1,0
0,0,0,0,0,0,0,0,0,0,0,0,0,0,0,0,0,0,0,0,13,7,0
0,0,1,0,0,1,0,1,0,0,0,1,0,0,0,1,0,0,1,1,39,2,0
0,0,0,0,0,0,0,0,0,1,0,0,1,0,1,0,0,0,0,0,4,1,0
0,0,0,0,0,0,0,0,0,0,0,1,0,0,1,1,0,0,0,0,4,5,0
0,0,0,0,1,0,0,0,0,1,0,0,0,0,0,0,0,0,0,0,3,3,0
0,0,0,0,0,0,0,0,0,0,0,0,0,0,1,0,0,0,0,0,3,1,0
0,0,1,0,1,0,0,0,1,0,0,0,0,0,0,0,0,0,0,0,3,2,0
1,1,0,0,0,0,0,0,0,0,0,0,0,0,1,0,0,0,0,0,48,2,0
0,0,0,0,0,0,0,0,0,0,0,0,0,0,0,0,0,0,0,0,3,4,0
0,0,0,1,0,0,1,1,0,0,0,0,0,0,0,1,1,0,0,0,7,1,0
0,0,0,0,0,0,0,0,1,0,0,0,0,0,1,0,1,0,0,0,2,1,0
0,0,0,0,0,0,0,0,0,0,0,0,0,0,1,0,1,0,0,0,5,3,0
0,0,1,0,0,0,0,0,0,0,1,0,0,0,0,1,0,0,0,0,2,1,0
0,1,1,0,0,0,0,0,0,0,0,0,0,0,0,1,0,0,0,0,3,1,0
0,0,0,0,0,0,0,0,0,0,0,0,1,0,1,0,0,0,0,0,4,1,0
0,0,0,0,0,0,0,0,0,0,0,0,0,0,0,0,0,0,0,0,6,3,0
0,0,0,0,0,0,0,0,0,0,0,0,0,0,1,0,0,0,0,0,4,1,0
0,0,0,0,0,0,0,0,0,0,0,0,0,0,0,0,0,0,0,0,3,1,0
0,0,0,0,0,0,0,1,0,0,0,1,0,1,0,0,1,0,0,0,17,5,1
0,0,0,0,0,0,0,0,0,0,0,0,0,0,1,0,0,0,0,0,0,5,0
0,0,0,0,0,0,0,0,0,0,0,0,0,0,0,0,1,0,0,0,6,2,0
0,0,0,0,0,0,0,0,0,0,0,0,0,0,0,0,0,0,0,0,2,1,0
0,0,0,0,0,0,0,0,0,0,0,0,0,0,0,0,0,0,0,0,3,2,0
0,0,0,0,0,0,0,0,0,1,0,0,0,0,0,1,0,0,0,0,2,1,0
0,0,1,0,1,0,0,0,0,0,0,0,0,0,0,0,0,0,0,0,5,1,0
0,0,0,0,0,0,1,0,1,0,0,0,1,0,0,0,0,0,0,0,63,2,0
1,1,0,0,0,1,0,0,0,0,0,0,0,0,1,0,1,0,0,0,3,5,0
0,0,0,0,1,0,0,0,0,0,0,0,0,0,1,0,0,0,0,0,4,3,0
0,0,0,0,1,0,0,0,0,0,0,0,0,0,0,0,1,0,0,0,3,1,0
0,0,0,0,0,0,0,0,0,0,0,0,0,0,1,1,0,0,0,0,2,1,0
0,0,1,0,1,1,0,0,1,0,0,1,0,0,1,0,0,0,1,0,3,1,0
0,0,0,0,0,1,0,1,0,0,0,0,0,0,1,0,0,0,0,0,3,2,0
0,0,0,0,0,0,0,0,1,0,0,0,0,0,1,0,0,1,0,0,3,3,0
0,0,0,0,1,0,0,0,0,1,0,0,0,0,0,0,1,0,1,1,4,1,0
0,0,0,0,0,0,0,0,0,0,0,0,1,0,1,1,0,1,0,0,85,1,0
0,0,0,0,0,0,0,0,0,0,0,1,0,0,1,0,0,0,0,1,2,1,0
0,0,0,0,0,0,0,0,0,0,0,0,0,0,0,0,0,0,0,0,3,3,0
1,1,0,0,0,0,0,0,1,0,0,1,0,0,1,0,0,0,0,0,2,1,0
1,1,0,0,0,0,1,0,0,0,0,0,0,0,0,0,1,0,0,1,50,2,0
1,0,1,0,0,0,0,0,0,0,0,0,0,0,0,0,0,0,0,0,13,2,0
0,0,0,0,0,0,0,0,0,0,0,0,0,0,1,0,0,0,0,0,2,1,0
0,0,0,0,0,0,0,0,0,0,0,1,0,0,0,0,1,0,0,0,2,2,0
0,0,0,0,0,0,0,0,0,0,0,0,0,0,0,0,0,0,0,0,18,2,0
